date,/m/01b_21,/m/01c751,/m/028tns,/m/03t8j0,/m/0416v7,/m/05s5v6,/m/0683jy,/m/06n3pj,/m/06p_bp,/m/087cyy,/m/08pr_0,/m/0b2cnj,/m/0b76bty,/m/0cjf0,/m/0g9pc,/m/0gxb2,/m/0j5fv,/m/0n073,acute bronchitis,avian flu,best cold medicine,best cough medicine,best medicine for cold,body temperature,braun thermoscan,break a fever,bronchitis,cdc,chest cold,cold and cough,cold flu,cold flu symptoms,cold symptoms,congestion medicine,cough and fever,cough and sore throat,cure flu,dangerous fever,dry cough,ear thermometer,epidemic,expectorant,fever,fever and chills,fever flu symptoms,fever reducer,fever symptoms,fever with flu,flu a symptoms,flu and fever,flu care,flu children,flu cough,flu headache,flu incubation,flu like symptoms,flu medicine,flu remedies,flu stomach pain,flu test,flu texas,flu treatment,flu virus,food poisoning,food poisoning symptoms,h1n1,high fever,how long contagious,how long does flu last,how long does the flu last,human temperature,i have the flu,incubation period,influenza symptoms,low body,nausea,normal body,normal body temperature,oscillococcinum,pandemic,period fever,period flu,pneumonia,pneumonia symptoms,reduce fever,robitussin,rsv symptoms,signs of flu,sinus,sinus infections,sinus medicine,spanish flu,stomach flu,stomach flu diarrhea,stomach flu symptoms,stomach flu virus,stomach virus,stomach virus symptoms,strep,strep throat,symptoms of a cold,symptoms of bronchitis,symptoms of cold,symptoms of fever,symptoms of pneumonia,symptoms of stomach flu,symptoms of the flu,taking temperature,tessalon,the flu,the flu symptoms,the flu virus,the flue,thermoscan,treat flu,tussin,tussionex,tylenol extra strength,upper respiratory,vomiting,walking pneumonia,what is a fever,what is the flu,2024 flu strain_or_cold and flu medicine for kids_or_is the spanish flu influenza,influenza a vs b symptoms_or_medicine for flu and cough_or_stomach flu vs stomach bug,current flu symptoms_or_flu type a treatment_or_how long am i contagious with the flu_or_type a influenza symptoms
2021-12-26,88,85,39,26,26,100,100,76,99,70,17,16,100,100,82,87,94,100,85,5,96,98,95,85,93,100,84,100,88,92,97,83,100,100,64,100,68,89,100,85,51,91,81,100,74,100,100,45,57,75,68,63,46,65,42,83,73,66,45,100,25,52,62,58,86,76,100,97,48,43,70,63,100,36,64,93,89,94,63,78,100,45,54,54,100,86,11,57,97,86,99,77,50,48,52,68,76,100,67,74,100,91,100,97,55,70,66,74,77,65,66,76,62,85,60,86,75,100,84,88,10,88,56,32,105,32
2022-01-02,91,100,34,19,27,97,99,76,100,90,14,15,92,100,89,93,100,91,96,4,83,99,80,100,96,78,86,89,87,86,94,100,95,98,51,91,64,100,96,90,71,100,78,96,63,88,95,38,46,61,59,69,42,68,25,83,69,59,46,97,19,50,65,48,69,69,99,100,44,42,100,55,81,34,86,99,100,100,63,98,91,35,67,54,85,92,8,58,100,83,100,100,42,42,45,46,54,75,67,73,86,99,91,100,72,70,76,95,100,67,70,100,75,100,58,100,82,95,89,85,12,100,76,0,54,22
2022-01-09,76,86,27,17,21,82,79,66,83,76,12,13,81,82,83,84,91,67,93,4,70,77,64,93,100,70,71,67,67,70,64,58,61,73,50,78,43,89,80,100,75,83,67,79,49,78,83,36,34,54,42,46,31,52,15,71,48,44,30,62,17,41,49,47,61,64,92,87,32,31,87,46,55,25,84,93,95,86,48,100,76,23,61,52,76,79,6,43,82,75,84,79,34,32,39,41,47,65,58,64,71,80,69,83,65,45,61,90,93,51,49,80,63,100,47,88,69,97,73,81,11,94,58,0,60,17
2022-01-16,63,62,18,12,13,63,52,52,66,45,11,9,59,65,62,75,78,56,61,4,50,59,45,84,73,52,55,44,52,52,46,40,45,60,33,54,32,60,65,79,71,66,53,57,38,58,67,21,25,37,26,36,21,29,12,53,35,27,28,38,15,30,32,42,54,44,73,64,23,21,79,28,37,17,79,82,82,67,37,95,61,17,56,44,57,62,4,32,69,60,60,55,29,31,29,35,42,57,47,51,51,66,54,70,55,29,40,84,75,33,31,49,52,82,32,69,75,67,58,75,10,70,41,0,39,0
2022-01-23,53,56,11,11,12,50,37,45,62,44,11,7,46,51,60,74,72,46,71,7,40,44,41,71,51,34,50,31,42,41,35,25,35,48,26,43,24,44,54,70,72,57,45,48,25,42,51,17,19,24,21,35,17,26,8,41,24,20,26,28,6,24,31,48,61,46,56,50,18,17,73,20,26,13,83,80,76,56,27,84,54,14,49,40,42,47,3,24,66,52,54,48,30,28,29,38,46,62,44,45,47,60,46,55,51,40,36,84,64,29,26,48,41,57,26,60,68,66,56,74,9,55,37,0,0,0
2022-01-30,48,48,11,8,8,47,25,38,50,44,8,7,39,43,54,74,71,40,59,3,34,40,31,64,68,29,42,24,41,36,25,16,30,40,26,36,22,32,46,50,73,46,41,39,22,32,45,17,16,23,16,30,14,19,10,37,18,14,26,18,8,19,24,56,60,38,49,34,16,13,67,19,18,11,79,79,68,46,18,74,51,14,43,32,35,37,3,21,60,51,52,39,32,28,29,36,52,63,40,41,37,53,36,48,39,40,24,75,53,22,20,33,45,57,22,46,46,61,48,76,8,46,30,0,0,0
2022-02-06,46,54,11,8,8,43,18,35,52,46,10,6,34,40,49,77,72,38,55,7,34,35,31,58,46,21,37,23,35,37,22,16,27,41,26,33,27,29,40,42,71,38,38,35,17,25,38,14,14,20,14,32,11,20,10,33,18,16,29,16,9,21,26,64,69,34,46,24,16,12,64,15,14,12,80,82,66,37,14,75,48,13,37,27,28,35,3,20,57,49,55,39,38,38,31,46,56,68,40,39,37,47,36,42,35,47,24,84,43,22,18,40,36,44,19,43,50,61,49,79,7,41,33,0,0,30
2022-02-13,41,36,14,10,7,39,15,35,56,42,12,6,34,38,50,74,67,37,63,35,35,28,34,56,30,23,39,21,32,31,22,15,27,41,25,30,19,28,36,39,72,34,36,32,19,23,40,15,18,21,13,34,12,19,11,35,18,17,39,16,8,19,27,67,72,34,41,18,18,16,57,17,13,13,79,79,61,32,11,75,50,15,35,24,26,29,2,19,58,53,44,29,43,51,34,54,64,63,42,43,32,41,30,37,32,47,23,77,37,22,18,39,35,45,20,36,35,60,53,84,6,39,34,22,24,12
2022-02-20,42,36,13,11,6,42,17,32,59,43,14,7,36,34,49,73,65,40,55,26,40,35,35,54,30,24,38,39,33,34,23,19,28,39,26,32,31,23,36,37,68,36,33,36,23,20,36,17,19,20,15,29,13,19,15,38,19,19,37,14,10,24,26,74,75,33,38,16,19,15,57,18,11,14,77,81,58,31,13,70,42,20,34,22,26,29,3,24,57,57,51,31,43,45,34,57,73,72,41,40,34,43,32,42,28,49,25,70,34,22,19,37,33,32,22,38,42,54,51,81,6,36,33,0,0,10
2022-02-27,40,30,15,12,6,44,17,34,61,48,12,8,34,35,50,68,67,37,59,17,42,35,41,50,37,21,41,31,36,37,23,16,28,43,24,32,31,27,34,40,69,39,34,31,21,21,37,19,18,21,15,24,11,18,14,39,20,17,38,15,9,25,26,71,76,33,39,15,20,16,51,20,9,13,74,77,57,29,10,68,36,15,31,22,28,29,2,26,60,56,58,26,47,45,38,51,79,69,41,41,38,40,32,38,27,46,25,59,34,22,19,40,27,35,22,35,31,54,52,80,5,38,31,0,0,13
2022-03-06,43,38,17,14,6,44,18,34,61,45,11,8,36,36,49,72,65,39,62,15,46,35,42,50,37,23,43,19,35,37,26,20,30,42,29,31,24,26,36,42,68,36,34,28,23,20,39,19,21,23,16,29,16,21,14,37,23,24,38,14,9,24,25,68,73,31,39,15,23,19,52,19,9,16,78,78,55,26,12,63,39,16,30,20,27,29,2,24,61,58,62,32,49,51,36,56,81,79,42,44,37,46,31,39,27,45,24,60,33,23,20,35,30,45,25,33,43,56,55,83,6,34,28,0,0,22
2022-03-13,46,27,21,16,6,48,21,38,69,47,13,8,39,39,50,73,63,42,71,22,46,41,40,49,34,26,46,16,41,43,29,22,29,54,30,38,31,27,39,32,61,41,35,34,23,26,40,23,23,23,21,29,18,24,15,34,27,26,38,17,11,29,29,73,76,32,45,17,24,21,49,23,10,17,73,79,53,29,13,56,49,20,30,21,30,34,2,29,66,67,66,23,51,57,38,72,77,80,47,51,40,45,36,39,27,37,27,61,32,25,22,42,30,38,28,41,33,58,56,86,6,39,32,0,30,38
2022-03-20,46,25,21,16,6,46,21,35,66,51,15,8,39,40,51,71,63,42,78,28,48,41,40,50,30,22,50,15,38,41,29,19,31,50,30,36,34,29,39,35,66,42,36,32,25,23,41,20,25,26,19,28,16,23,19,44,25,22,43,17,12,29,29,72,72,27,41,17,25,22,54,24,11,17,79,77,56,30,14,50,44,23,30,22,29,35,2,32,64,66,66,20,50,52,38,71,75,68,46,44,33,55,32,43,28,50,30,66,38,25,23,41,27,29,29,41,46,60,61,84,6,39,34,21,25,37
2022-03-27,43,30,20,16,6,44,20,32,61,47,13,8,40,39,56,68,58,43,74,31,48,43,45,57,28,24,48,16,42,42,29,22,30,44,31,35,31,31,38,39,76,39,35,31,26,23,40,22,22,26,19,26,20,22,18,41,27,22,38,18,9,29,33,65,68,30,42,17,25,21,69,24,12,17,77,76,59,30,12,54,39,20,29,20,27,34,2,27,64,63,62,22,48,45,34,62,72,70,45,43,39,51,38,41,25,49,31,75,32,27,25,51,34,27,32,37,35,54,61,79,6,38,42,48,42,27
2022-04-03,48,28,22,17,6,46,21,33,64,49,15,9,38,43,56,71,61,43,66,89,45,40,43,57,44,26,51,16,36,43,28,22,29,46,30,40,38,28,46,40,77,40,37,31,23,24,41,20,26,22,19,32,20,25,18,46,26,22,41,18,19,33,32,63,70,36,45,19,26,20,69,26,14,18,84,75,63,34,12,53,50,22,30,22,30,35,2,34,65,68,63,22,52,51,38,62,84,74,44,46,41,52,37,42,28,46,35,83,39,28,28,49,31,36,36,35,44,58,64,79,6,40,44,0,27,38
2022-04-10,47,25,23,18,5,48,22,35,61,47,12,9,41,42,53,71,63,44,65,63,45,47,42,55,22,26,50,17,41,45,29,23,30,49,36,40,32,31,43,38,71,44,41,32,28,28,43,26,25,30,20,32,21,25,18,40,25,27,37,20,15,32,30,63,65,31,47,24,28,23,65,23,16,16,80,75,58,33,12,51,46,23,30,22,35,37,2,28,66,72,62,20,45,49,35,59,69,70,45,47,42,57,38,44,27,44,32,70,39,29,26,44,28,26,32,36,36,58,64,74,6,41,42,20,0,39
2022-04-17,51,26,23,17,5,47,23,36,61,46,12,8,40,42,59,72,63,44,67,100,47,41,43,58,23,27,52,22,39,44,30,24,29,47,33,41,44,33,41,38,80,45,38,40,25,32,46,21,27,30,17,28,19,23,19,40,23,23,44,19,15,31,32,65,67,34,48,23,26,24,69,24,17,18,79,75,60,34,12,54,48,22,30,22,33,38,2,30,64,68,63,22,45,49,37,55,72,69,46,47,41,54,38,48,28,59,35,73,42,29,28,51,30,27,32,38,48,59,64,77,6,43,45,0,19,40
2022-04-24,50,27,24,16,5,41,23,34,60,42,14,9,41,43,57,69,60,44,68,82,45,43,40,59,44,28,53,17,39,45,29,22,30,46,36,41,37,29,42,43,83,44,40,37,25,30,45,21,23,28,19,28,19,22,14,39,25,24,36,19,8,30,31,60,61,46,48,25,21,19,73,22,18,18,79,72,62,34,11,67,49,18,31,24,32,37,2,31,63,65,61,22,38,34,30,50,65,65,46,46,44,55,40,49,29,43,35,75,41,26,27,49,29,37,30,37,45,56,62,74,7,42,47,22,19,28
2022-05-01,51,28,22,16,5,23,24,36,57,40,12,8,44,45,56,71,64,40,70,54,39,47,36,59,32,29,53,19,38,42,27,21,29,43,34,45,35,41,45,38,77,45,41,36,28,31,49,20,22,29,20,28,20,25,15,45,24,23,31,21,10,30,28,59,64,33,53,31,20,18,75,20,20,17,76,75,61,34,14,54,53,20,30,22,34,40,2,31,61,63,60,24,36,33,31,44,59,67,46,47,34,55,32,52,27,37,30,71,43,25,24,47,32,33,29,37,28,64,58,73,7,43,42,24,23,41
2022-05-08,52,29,21,17,4,25,25,38,62,45,13,9,49,46,56,75,66,45,72,42,39,48,36,62,38,33,55,21,39,45,31,24,31,44,38,46,41,45,53,42,75,48,44,41,29,35,51,20,23,30,20,32,21,25,15,47,27,22,33,21,8,34,30,60,66,32,55,37,23,21,83,24,23,17,76,74,62,40,13,55,53,20,30,23,44,40,2,28,60,67,56,27,38,40,31,46,61,68,47,51,43,53,39,59,28,42,32,69,44,27,26,45,29,40,41,47,33,59,60,74,7,49,43,34,30,26
2022-05-15,55,26,19,16,4,49,26,37,59,39,11,8,54,50,67,75,66,43,73,34,44,50,42,61,27,36,56,23,37,45,30,19,29,51,37,50,40,47,51,38,67,55,45,39,26,40,52,23,21,27,19,25,21,27,16,43,25,18,31,21,7,29,29,54,60,28,57,44,23,19,80,23,24,15,71,80,59,39,14,51,54,20,31,24,48,44,2,31,61,56,64,22,34,36,28,37,54,57,50,52,37,52,34,49,29,35,29,78,53,24,23,40,29,38,26,43,33,63,61,73,7,47,34,0,0,28
2022-05-22,58,19,17,17,4,47,27,40,57,33,12,8,54,51,75,72,71,42,70,23,39,54,41,50,53,34,54,24,37,46,30,21,30,51,40,52,31,41,53,46,61,48,44,40,28,39,53,22,23,32,17,21,20,25,12,43,25,22,34,19,14,26,26,58,61,23,59,46,19,16,59,19,25,14,69,75,57,38,14,47,51,18,30,24,41,43,3,28,64,59,62,16,31,40,28,39,52,57,52,56,39,52,33,55,28,37,27,56,48,21,22,36,30,57,26,48,100,70,55,69,7,47,32,0,44,22
2022-05-29,57,15,13,14,4,48,27,38,53,33,10,7,51,53,48,71,68,40,56,22,41,50,36,53,39,35,53,21,37,45,29,19,30,47,43,53,23,42,53,43,52,51,45,39,25,41,53,18,18,28,17,19,20,23,13,42,22,22,25,17,9,22,21,56,66,22,56,44,19,15,55,20,24,10,59,80,52,37,14,43,46,17,30,24,44,41,3,24,60,59,59,13,29,30,25,35,46,52,47,51,37,49,33,52,27,33,22,60,49,19,19,26,23,42,26,45,62,65,55,72,7,45,25,0,31,10
2022-06-05,54,14,11,12,3,44,24,35,50,29,12,6,46,48,50,75,66,37,64,18,37,49,37,58,44,29,48,22,37,39,27,16,27,40,33,48,14,37,55,41,52,44,44,40,23,36,51,17,16,28,16,18,16,26,9,43,22,19,25,15,6,19,19,52,62,21,57,39,16,13,55,19,22,9,64,77,55,33,14,42,51,16,29,23,42,41,3,17,60,60,52,11,25,33,21,36,44,54,46,50,36,52,31,49,27,32,23,62,49,15,19,22,22,52,20,44,32,63,54,68,6,43,25,0,0,0
2022-06-12,50,13,9,9,3,41,22,35,47,30,10,6,48,47,46,73,71,40,56,15,29,43,31,57,51,32,42,21,34,36,25,18,27,41,35,52,24,42,48,38,45,47,42,39,21,35,49,15,13,23,13,17,16,19,7,33,19,16,22,14,6,20,18,51,59,23,52,38,15,12,50,17,21,7,61,78,53,37,10,40,47,13,28,20,42,37,3,21,55,51,48,11,22,29,22,25,42,58,46,48,29,44,30,45,23,27,18,70,46,14,16,20,19,50,16,40,49,62,53,71,6,39,22,0,0,12
2022-06-19,50,14,7,9,4,41,24,36,45,28,11,5,48,48,45,74,69,38,54,14,35,43,31,57,42,38,43,21,36,37,25,15,27,41,30,48,19,39,53,41,47,45,44,47,22,39,53,13,12,22,13,19,14,19,6,40,20,18,22,14,6,18,18,58,68,20,57,43,14,12,50,16,24,6,66,80,56,35,12,50,52,12,27,22,45,38,3,14,57,54,50,11,22,20,22,31,42,54,46,49,34,47,33,49,25,27,17,66,45,13,15,19,19,47,17,36,34,68,56,68,6,40,21,0,27,14
2022-06-26,48,11,6,7,3,40,23,37,43,27,12,5,49,48,45,76,71,35,55,13,32,47,29,50,43,33,40,20,37,34,24,15,26,38,26,48,19,37,46,42,44,45,44,42,20,41,53,13,13,20,10,13,13,20,4,41,19,9,23,14,4,14,15,56,65,19,57,47,13,10,45,15,25,5,63,81,53,38,12,39,54,11,28,21,44,37,3,15,53,52,47,10,20,27,19,26,39,49,44,46,31,41,31,50,25,21,18,54,45,12,14,20,20,43,13,36,40,69,53,67,6,43,18,0,23,13
2022-07-03,46,12,5,6,3,40,23,37,42,27,12,5,48,51,47,76,72,35,50,10,34,40,32,54,45,38,38,22,36,33,25,16,26,40,26,41,21,40,46,43,43,47,45,45,18,40,53,11,13,24,11,11,13,19,6,43,20,13,22,12,5,17,16,62,67,22,57,44,11,9,45,12,30,5,64,81,51,39,13,35,52,11,26,20,48,37,3,16,53,49,48,11,21,28,18,26,42,57,44,49,33,39,30,49,25,27,17,51,45,12,15,21,15,52,14,38,28,76,47,69,6,41,19,0,0,13
2022-07-10,47,12,5,6,4,39,25,38,41,26,12,4,48,49,47,77,70,34,49,7,30,42,32,57,56,35,33,22,33,32,25,16,26,39,24,45,21,36,46,46,45,46,45,42,22,44,53,13,11,22,9,13,12,21,6,42,19,10,19,11,4,14,17,51,63,30,55,44,11,9,47,16,27,4,63,84,54,38,15,37,52,12,27,21,50,36,3,14,54,51,48,11,18,21,18,28,41,52,44,47,32,36,30,49,26,26,17,60,47,11,14,23,15,65,14,39,40,68,48,68,6,44,20,0,29,0
2022-07-17,44,12,4,6,4,38,22,34,47,26,13,5,46,51,58,78,74,33,55,8,30,37,30,55,40,38,33,24,33,30,24,15,25,35,25,41,14,48,44,47,47,43,45,42,19,42,53,9,10,21,11,13,11,19,5,48,18,13,20,12,6,16,16,50,62,23,59,48,11,9,51,15,28,4,68,80,56,40,15,39,59,10,26,19,43,34,3,12,51,49,43,11,18,20,19,26,36,50,44,45,31,36,30,51,24,22,14,61,43,11,13,21,19,35,16,38,41,73,49,69,5,45,19,0,23,0
2022-07-24,44,11,4,5,4,39,21,34,44,24,14,3,46,50,58,76,76,31,39,8,30,38,28,50,32,31,32,23,29,28,24,16,25,36,21,36,16,40,43,41,52,39,44,40,15,40,50,12,11,20,10,9,9,17,6,38,17,6,13,10,3,13,14,49,60,22,52,45,10,8,43,13,28,5,64,81,53,37,12,43,48,10,24,18,43,34,3,15,49,44,39,10,16,24,19,23,33,46,43,44,31,32,30,48,22,31,15,56,43,11,13,20,16,41,13,38,63,70,47,65,5,41,19,0,0,13
2022-07-31,43,12,4,4,6,37,18,32,39,35,26,3,43,46,62,77,75,34,40,6,32,35,30,47,37,29,29,23,26,29,22,14,24,34,23,37,16,39,40,36,51,37,39,42,18,36,51,11,11,19,10,13,11,17,3,44,17,11,19,10,5,13,15,48,60,22,49,38,10,8,41,13,24,4,62,80,53,38,12,42,54,10,23,18,42,31,3,14,50,47,42,10,16,20,17,27,34,46,44,41,30,35,27,50,23,26,15,51,38,11,13,21,20,41,11,36,46,72,43,62,5,38,17,0,26,0
2022-08-07,43,12,3,5,7,37,17,30,42,38,25,4,44,46,78,76,73,34,43,6,29,36,29,48,45,31,29,35,31,30,22,15,24,33,25,38,21,36,38,39,46,40,42,38,17,38,48,11,10,20,9,8,11,17,0,41,16,11,11,9,6,10,15,46,57,20,52,34,9,7,47,12,21,4,62,78,50,35,12,38,55,10,25,18,39,30,3,11,47,41,41,11,15,20,16,19,33,45,41,44,31,35,29,45,21,21,14,50,39,11,12,16,21,44,12,34,60,66,42,64,5,39,17,0,0,0
2022-08-14,42,13,2,5,9,39,18,32,46,42,19,4,43,44,51,66,72,36,47,8,31,37,29,50,36,32,33,37,33,33,21,13,25,36,25,38,18,34,40,36,45,36,41,36,15,36,47,10,10,18,10,11,9,13,4,38,16,13,19,11,6,15,14,47,59,20,46,27,10,8,51,11,17,4,58,76,50,33,13,35,52,9,25,18,39,32,4,13,50,45,46,12,15,18,18,21,33,43,45,46,37,33,31,44,20,16,15,58,36,11,12,17,19,39,14,39,55,65,45,63,5,38,19,0,0,0
2022-08-21,49,13,3,5,11,43,20,37,55,50,23,4,46,44,57,72,69,39,53,8,40,35,43,54,48,28,36,23,32,39,26,15,27,42,27,44,18,35,40,43,53,37,39,39,21,33,45,11,11,23,11,19,13,16,4,42,19,12,18,12,13,18,84,45,56,18,48,25,11,8,51,14,16,5,65,76,57,36,13,41,49,10,27,18,37,36,4,12,54,50,48,12,16,20,15,25,30,43,47,48,36,40,31,43,20,15,15,61,38,14,15,31,20,47,13,38,47,63,46,59,5,41,23,26,0,0
2022-08-28,49,14,3,5,19,47,22,34,61,65,23,6,48,45,47,68,67,39,47,7,43,43,44,56,37,30,39,20,32,48,28,18,28,47,29,41,18,31,39,40,62,39,40,32,19,34,47,11,12,22,14,15,12,18,4,42,21,13,18,13,7,21,20,42,53,23,47,24,12,10,65,17,14,5,67,69,59,38,11,39,47,9,28,20,35,36,6,15,53,52,52,12,17,23,16,25,32,48,52,54,37,37,34,46,24,19,17,75,39,16,15,27,24,35,16,34,44,61,49,63,5,42,25,35,0,0
2022-09-04,48,15,4,5,32,48,23,37,61,76,18,5,47,43,47,67,69,42,58,7,46,43,47,53,40,28,41,17,36,46,29,19,27,46,28,46,27,31,41,35,62,42,39,36,21,31,44,13,14,27,18,23,14,21,5,36,22,14,17,15,11,19,20,45,52,19,50,21,15,12,71,20,14,5,68,73,58,37,12,38,35,12,30,22,35,37,6,17,54,56,54,13,18,23,17,20,35,45,48,51,39,46,33,43,24,21,20,70,41,20,17,23,30,36,17,41,41,61,54,62,6,40,31,0,0,12
2022-09-11,49,14,4,6,44,45,22,38,62,85,18,6,48,43,50,69,67,43,60,8,45,45,44,59,45,26,47,17,37,48,31,21,30,48,30,42,21,34,42,43,66,44,38,34,20,30,45,13,16,25,21,22,17,26,4,42,23,16,24,15,14,21,22,43,52,20,46,22,15,11,64,23,14,7,73,73,62,36,14,40,47,13,31,22,30,37,7,20,60,57,58,14,19,24,20,24,33,38,52,55,39,46,35,46,26,25,25,78,43,24,18,35,34,39,19,40,39,66,57,60,6,44,34,0,0,0
2022-09-18,51,18,5,8,54,47,22,38,62,96,16,7,47,44,50,70,65,49,60,8,46,49,47,57,50,23,52,15,41,52,35,21,30,49,32,41,30,32,43,36,100,46,39,32,25,30,43,14,17,26,23,29,19,29,8,45,24,16,24,17,17,29,28,42,53,22,48,22,18,14,75,24,14,8,76,70,63,38,15,75,44,15,33,24,35,45,8,18,58,56,55,16,19,25,21,31,39,48,57,58,40,50,33,42,28,27,27,83,40,28,21,44,35,49,22,43,37,64,62,61,7,44,42,0,27,0
2022-09-25,53,15,5,10,62,47,25,39,55,80,18,9,46,43,49,66,63,48,62,8,53,50,50,55,50,27,53,17,42,56,38,24,29,51,34,46,28,29,48,43,70,42,37,32,26,31,43,16,19,30,30,33,21,32,10,41,27,18,21,18,16,26,24,40,50,31,47,22,20,16,66,23,13,8,75,68,60,32,13,46,45,17,33,24,34,48,11,22,59,60,59,14,19,19,18,24,37,44,55,57,38,56,32,41,28,21,24,74,45,30,21,34,42,49,26,43,40,61,63,61,7,41,42,0,0,0
2022-10-02,59,14,7,14,81,48,26,44,55,86,20,10,45,46,49,70,67,52,70,11,53,55,53,56,36,24,56,15,41,56,39,29,33,48,39,49,33,34,46,43,70,47,40,35,28,36,42,21,22,33,37,38,25,36,14,45,32,21,29,23,22,34,28,43,54,20,49,23,22,19,74,34,12,9,76,66,60,33,17,41,52,21,38,28,34,51,13,31,64,60,62,14,23,29,22,31,41,51,57,58,44,56,39,42,30,30,33,84,47,36,25,43,49,39,28,45,39,63,67,62,7,41,47,0,37,20
2022-10-09,61,13,8,18,95,50,32,48,62,99,16,12,50,47,51,69,68,55,70,10,52,59,53,57,49,28,63,14,46,64,42,33,33,52,43,49,32,39,49,46,65,51,40,37,33,31,47,27,27,41,45,53,30,43,18,50,38,25,32,29,21,36,30,46,56,23,55,24,29,24,67,37,13,10,78,71,61,33,24,41,43,23,39,29,34,55,16,30,63,72,64,13,26,31,27,37,42,48,58,63,43,57,42,44,34,36,41,70,50,46,34,44,47,59,36,54,34,65,77,65,9,44,53,31,24,30
2022-10-16,62,15,11,23,94,49,34,47,60,97,17,13,49,50,56,70,68,61,74,25,64,67,65,56,44,28,67,18,47,70,46,38,37,53,41,50,45,41,53,47,72,54,42,33,39,38,48,31,33,40,45,61,34,42,20,57,43,30,33,35,25,44,34,43,54,28,55,25,34,31,66,46,13,12,78,71,61,32,24,40,48,28,39,31,39,58,31,43,65,64,62,15,29,36,29,40,45,52,61,64,46,62,45,44,33,33,46,86,52,49,39,49,60,47,41,50,33,62,83,67,8,45,62,39,30,40
2022-10-23,68,18,18,41,100,51,42,57,61,96,18,19,50,54,63,70,67,61,78,14,62,74,58,57,46,38,70,14,55,73,51,44,36,54,55,54,46,47,54,51,78,59,45,37,49,43,52,48,50,59,60,93,52,59,40,68,56,48,38,51,34,61,51,46,54,32,68,33,53,47,66,58,16,17,81,71,68,38,31,44,43,43,39,33,45,59,70,58,67,70,62,16,32,29,33,43,49,60,64,70,46,65,40,51,36,42,67,87,56,68,59,65,61,48,66,57,63,66,100,71,9,51,73,24,53,53
2022-10-30,73,18,33,59,80,55,53,58,66,93,25,28,56,62,64,73,65,60,85,12,70,79,65,56,54,44,75,12,54,86,59,51,38,58,60,60,70,49,59,63,71,60,51,44,73,50,57,64,68,77,80,92,66,76,55,72,72,57,51,66,36,68,50,48,55,33,73,36,70,64,72,69,17,25,81,75,66,37,46,48,53,59,43,39,53,67,87,74,69,73,62,16,37,40,43,55,52,62,70,71,47,76,45,60,40,56,84,75,68,77,76,71,65,58,69,63,64,65,88,71,10,58,82,46,94,91
2022-11-06,80,16,41,61,66,59,51,65,64,81,21,29,54,60,60,68,69,61,86,11,66,81,67,59,46,46,80,12,56,83,64,49,37,60,63,67,66,56,63,58,67,68,52,42,72,48,59,62,69,72,74,89,68,74,50,69,73,62,53,68,34,64,50,43,52,28,74,39,71,66,78,72,15,29,74,71,66,39,53,38,57,51,44,38,52,68,89,84,70,70,64,16,36,42,41,55,48,61,69,73,48,80,45,58,43,54,79,76,70,75,71,66,62,49,77,63,58,60,87,67,10,63,78,36,129,116
2022-11-13,77,19,50,68,62,60,64,73,73,100,26,33,57,66,67,70,74,78,85,10,69,77,67,65,47,47,88,13,69,86,73,65,46,60,61,64,81,56,61,61,72,64,53,46,78,54,59,70,67,80,78,96,74,76,58,71,80,63,60,67,30,77,55,46,55,31,78,41,74,70,79,68,18,43,85,73,69,41,53,41,49,59,46,42,53,84,92,83,71,78,64,18,40,42,43,60,50,63,76,81,57,81,53,56,47,54,80,90,74,74,75,76,76,55,72,64,50,62,89,71,11,58,82,36,141,108
2022-11-20,91,15,63,100,47,73,72,84,80,65,20,40,65,73,58,70,68,81,93,14,87,98,86,58,77,61,84,10,80,100,87,73,49,82,80,82,96,75,68,74,56,78,58,56,96,68,64,100,92,100,91,100,98,95,100,78,99,85,64,76,23,100,60,58,66,31,93,57,98,94,58,90,24,65,72,75,59,42,78,31,59,100,49,51,71,81,100,92,82,80,72,14,46,45,48,67,59,68,77,83,58,99,53,60,50,50,84,60,81,91,84,72,69,79,98,77,37,71,86,78,10,59,79,62,192,168
2022-11-27,87,18,96,96,45,67,78,74,69,87,24,49,63,68,87,77,69,62,100,18,86,97,78,74,73,56,96,14,78,90,92,71,47,76,72,82,95,66,72,64,79,80,57,58,100,62,59,85,100,94,100,78,100,92,95,80,96,100,68,82,27,98,68,54,61,42,81,45,100,100,76,95,25,75,85,76,71,46,100,41,59,93,52,46,67,74,74,100,79,83,70,17,49,52,58,57,59,69,75,79,54,99,51,59,59,73,100,77,94,100,92,87,76,84,100,81,78,67,98,75,12,60,99,23,115,205
2022-12-04,83,18,98,99,48,65,75,76,67,92,100,47,60,72,74,75,71,64,92,13,75,83,72,66,63,55,91,14,69,83,87,71,43,70,65,66,99,69,68,74,75,78,59,53,88,62,59,90,97,95,91,98,100,100,79,82,100,85,76,86,31,99,71,52,59,42,97,50,100,96,83,93,22,95,86,80,68,46,79,40,69,90,52,42,67,72,72,96,75,79,70,18,52,52,57,64,58,78,88,82,49,100,49,65,58,68,99,86,91,93,91,93,83,61,92,79,93,66,88,75,12,64,99,86,186,168
2022-12-11,85,20,100,93,40,66,72,74,75,76,87,48,62,70,67,73,72,71,95,12,72,88,73,64,69,52,90,14,67,87,90,71,45,66,68,73,86,69,71,76,70,77,61,55,93,72,66,98,95,100,83,94,98,92,87,81,93,85,81,82,22,86,85,55,62,45,83,52,92,96,82,84,24,100,86,78,66,42,76,38,65,96,50,44,61,78,72,98,76,73,71,18,50,62,60,69,60,76,99,90,54,92,52,61,53,80,90,80,91,97,100,95,73,62,87,75,61,75,85,78,12,60,88,48,201,188
2022-12-18,85,12,88,87,26,74,79,78,82,55,51,44,67,72,59,73,69,86,85,11,86,90,80,62,65,58,88,12,85,95,100,76,55,79,62,84,82,62,73,64,45,81,58,58,85,78,61,100,86,95,81,86,92,91,88,80,90,76,69,89,17,79,57,61,69,30,88,68,95,90,60,81,26,82,63,83,53,42,80,26,55,94,49,47,62,83,56,92,85,90,81,13,55,59,56,59,67,79,100,95,57,79,58,54,55,73,87,70,97,85,83,73,82,71,80,82,53,73,80,82,12,53,72,50,204,167
2022-12-25,84,12,62,63,17,75,79,87,81,45,51,32,69,64,55,80,73,83,93,13,86,89,83,53,65,48,84,11,83,84,92,63,51,82,59,76,75,64,72,66,36,89,57,56,73,74,56,75,68,74,65,57,82,78,70,73,80,74,78,70,18,74,48,77,86,34,67,50,73,69,50,66,26,60,59,90,46,40,71,26,61,74,48,48,61,83,45,76,91,93,90,13,62,74,65,81,78,87,91,91,54,91,54,49,61,78,66,49,90,66,66,53,55,64,70,80,76,74,81,85,12,50,54,28,110,105
2023-01-01,70,14,39,34,14,58,55,75,63,49,43,22,54,49,52,78,75,51,81,24,57,68,58,51,58,31,80,12,62,65,58,42,37,62,37,66,65,44,57,47,46,79,41,47,48,47,54,40,42,49,42,33,52,57,32,60,50,46,57,49,13,54,36,64,71,26,51,34,50,46,47,43,18,33,67,81,49,36,47,27,49,38,44,42,41,65,29,52,79,80,74,13,53,63,45,61,73,78,74,78,43,78,43,44,49,53,51,41,82,44,47,47,54,61,45,71,63,61,73,74,11,39,45,0,69,80
2023-01-08,61,16,22,23,11,51,35,51,52,48,36,17,47,44,57,74,69,47,75,57,46,50,46,55,48,22,65,14,49,49,44,33,33,49,31,46,41,35,50,47,61,58,40,40,43,31,48,27,31,41,30,22,33,39,20,55,34,29,42,33,12,41,31,55,65,26,46,25,31,28,59,32,13,22,75,77,56,32,32,33,49,28,39,33,33,51,17,38,68,68,59,14,43,43,41,55,60,64,69,70,37,65,38,45,40,54,42,62,73,31,35,41,40,46,42,54,58,62,62,72,10,38,42,0,43,60
2023-01-15,55,16,17,19,8,48,34,48,57,39,30,15,45,43,52,75,68,48,77,59,43,46,40,57,50,23,57,13,45,50,39,28,32,52,29,43,36,35,48,44,61,48,38,39,37,35,45,28,25,35,29,23,29,40,18,55,35,26,50,26,11,36,33,61,65,25,48,22,29,26,57,28,13,19,77,78,58,31,29,37,44,24,36,30,31,48,16,34,66,66,58,16,42,44,40,58,61,62,73,72,40,56,36,42,33,52,33,74,56,31,29,48,39,45,31,48,47,59,62,75,9,38,42,26,54,24
2023-01-22,56,19,14,16,9,55,32,50,65,47,24,14,48,43,58,75,68,48,73,40,51,47,49,60,61,22,54,12,48,54,43,29,31,57,32,50,36,35,50,45,65,53,37,41,33,32,44,26,22,33,23,20,24,35,19,44,33,27,42,25,9,32,27,66,67,23,46,24,24,22,70,28,13,15,81,79,62,32,28,36,47,24,35,30,35,47,16,35,72,62,60,16,44,49,37,51,70,72,80,76,42,48,42,40,35,44,31,63,54,28,25,41,38,63,28,48,49,57,65,79,8,40,40,22,55,23
2023-01-29,57,20,10,14,7,54,34,50,66,43,24,13,50,45,55,73,69,53,71,31,53,49,48,60,44,21,57,12,54,56,39,28,33,56,35,46,41,34,48,50,70,53,43,36,33,36,50,22,22,31,23,21,24,29,16,43,32,21,47,23,6,34,31,62,68,25,46,22,22,19,77,23,13,14,81,79,62,32,29,38,41,22,36,29,32,47,12,28,71,74,65,17,46,49,38,58,69,71,80,85,40,53,40,47,32,45,30,82,49,24,24,46,48,48,29,55,57,56,66,79,8,40,34,0,34,14
2023-02-05,59,20,12,13,7,54,33,50,68,46,28,14,51,46,60,79,69,51,74,36,62,55,58,62,41,25,63,12,54,56,38,28,35,57,40,50,35,38,47,46,69,56,42,42,32,33,50,19,22,32,22,24,23,34,16,49,29,27,45,22,10,34,32,70,74,35,52,23,24,22,81,27,13,14,87,85,68,35,27,36,54,24,36,30,32,47,12,29,73,78,67,17,52,52,41,68,78,76,90,92,41,65,40,45,36,54,31,71,56,25,26,43,35,47,28,58,40,60,69,83,9,43,42,28,53,30
2023-02-12,56,19,9,12,6,51,30,49,62,46,48,14,49,45,68,77,68,48,76,25,49,54,48,58,48,24,62,12,50,50,38,28,32,53,37,46,27,36,48,42,65,52,40,45,29,29,47,21,19,28,21,17,20,29,14,48,29,26,48,18,9,35,35,72,79,27,47,24,23,19,72,22,14,13,83,82,63,35,24,34,53,22,34,31,32,47,10,28,73,74,66,16,53,62,43,77,85,77,93,97,39,56,39,43,34,52,29,72,52,24,23,48,33,49,28,54,50,56,70,89,8,41,37,24,52,18
2023-02-19,58,16,11,12,6,52,30,52,62,44,39,13,48,45,61,82,70,47,84,23,49,52,46,57,43,24,65,11,53,53,40,26,31,56,39,47,33,33,48,41,68,54,41,42,29,30,49,20,18,33,21,23,23,32,15,43,29,30,49,21,7,32,33,73,80,26,50,24,21,18,62,22,14,13,84,84,63,31,23,33,45,21,37,35,36,47,10,24,73,64,67,14,52,65,41,70,93,83,88,88,39,69,34,45,35,49,29,67,61,23,23,48,34,47,27,47,34,60,66,85,9,40,38,0,46,25
2023-02-26,55,21,11,11,6,47,26,48,55,50,30,13,45,44,67,77,69,47,79,19,45,49,44,54,46,20,64,13,52,49,34,25,28,51,37,47,31,33,48,47,69,52,41,37,29,30,45,21,16,33,20,22,19,31,13,48,28,25,47,22,10,31,35,66,68,35,50,22,21,18,63,21,13,13,90,80,63,32,22,39,51,20,37,30,32,47,10,24,69,71,61,16,51,60,40,83,97,85,92,89,38,61,36,45,34,53,27,72,51,23,21,48,37,42,27,43,28,59,68,85,9,41,41,0,23,28
2023-03-05,56,20,14,10,6,46,26,48,49,46,20,12,45,44,62,76,70,42,78,16,45,48,44,56,39,23,61,11,47,49,33,21,29,48,40,45,32,36,46,37,67,48,42,38,28,30,46,19,16,25,19,17,20,32,12,45,26,21,46,15,6,29,35,66,73,33,50,20,21,16,65,20,12,12,87,80,60,29,18,34,46,19,36,29,34,45,8,25,65,69,65,17,49,61,42,74,100,83,89,92,38,60,36,45,33,60,25,72,50,20,20,47,33,36,27,43,38,58,70,80,8,38,37,0,71,31
2023-03-12,54,15,11,11,5,47,25,52,53,42,20,11,45,42,63,77,72,41,72,13,44,46,43,50,34,24,59,10,47,48,33,22,32,49,39,50,30,31,45,39,60,45,39,40,25,30,46,19,15,31,18,19,21,25,12,44,27,23,47,17,5,28,30,67,72,28,46,20,21,18,53,22,12,10,76,83,55,26,20,34,47,19,35,28,30,44,7,22,67,68,62,14,44,53,37,65,82,75,97,95,34,57,34,44,32,51,24,62,49,18,19,38,32,39,26,48,46,58,66,78,8,38,31,0,57,19
2023-03-19,56,19,11,10,5,49,26,50,49,49,18,12,50,44,65,79,73,40,78,12,48,52,47,53,36,21,64,12,51,50,32,22,30,50,36,46,37,40,46,38,68,50,40,41,33,30,49,21,18,31,16,18,18,27,13,42,26,19,49,16,7,29,33,70,72,25,48,22,22,19,60,24,13,11,83,81,59,28,19,36,58,19,37,29,29,44,7,23,71,75,70,16,48,55,37,67,84,76,97,100,41,59,38,47,32,52,26,63,53,21,20,43,28,36,27,46,30,57,70,86,9,42,33,0,56,23
2023-03-26,58,17,9,9,5,46,24,49,48,45,16,13,46,44,65,77,65,39,71,13,39,46,36,55,37,24,63,10,44,46,31,20,29,47,35,49,30,31,47,36,69,46,38,38,24,26,47,16,14,24,14,20,19,27,11,43,22,19,35,13,7,26,29,66,72,23,47,20,15,11,64,20,11,9,86,82,58,28,17,32,50,18,34,28,29,41,6,21,68,68,64,14,43,53,33,57,71,72,99,95,35,64,35,45,34,45,22,74,49,16,18,42,28,42,19,44,35,60,66,81,8,39,33,0,34,18
2023-04-02,55,14,8,8,4,44,22,40,45,48,26,11,42,41,65,74,67,36,72,11,40,47,38,51,27,23,59,11,44,42,29,19,27,49,33,44,30,31,44,35,68,44,38,36,21,31,45,16,15,24,16,13,16,22,9,45,22,21,36,11,5,25,26,66,68,21,43,20,16,11,62,16,11,9,79,80,56,26,13,29,47,15,33,26,28,40,6,23,66,61,61,12,43,52,33,47,67,67,84,86,35,55,33,43,29,41,20,73,49,14,16,37,26,38,23,38,39,54,65,77,7,37,28,23,29,11
2023-04-09,50,16,8,8,4,43,21,41,46,43,38,10,43,42,62,77,68,34,68,13,38,44,31,50,37,21,54,9,43,36,26,16,27,43,32,46,31,31,43,35,72,42,39,37,24,26,49,15,13,24,12,17,15,22,8,41,19,13,33,11,5,22,24,70,69,24,46,18,15,11,66,16,12,10,82,77,57,25,12,34,42,15,32,25,29,36,5,16,63,61,54,13,38,42,30,41,67,64,90,86,36,52,32,46,29,40,19,79,52,14,15,37,26,38,20,37,33,57,64,74,8,38,29,0,38,11
2023-04-16,50,16,7,7,4,42,18,39,49,41,33,9,42,42,61,76,67,32,67,10,38,39,34,55,33,20,56,10,38,38,24,16,25,47,31,44,28,29,42,35,77,41,37,34,21,23,47,13,14,20,14,16,14,16,6,44,20,13,29,10,4,27,24,65,66,20,43,17,12,9,68,14,11,9,84,78,61,27,12,31,50,14,32,25,28,35,4,19,60,60,56,14,35,45,27,41,62,65,85,86,34,57,32,49,30,37,23,65,43,14,16,37,27,41,21,40,34,60,61,76,7,38,33,27,22,25
2023-04-23,49,16,6,7,4,41,19,37,43,38,47,10,42,41,58,75,65,32,62,12,37,42,35,54,28,20,50,9,35,37,25,15,26,43,31,43,26,26,42,33,76,40,37,35,19,25,45,14,14,23,14,17,14,22,6,45,19,15,19,10,5,23,26,60,65,26,46,17,13,8,75,16,10,9,83,77,57,26,13,33,50,12,30,22,25,33,6,15,61,60,51,14,32,33,26,48,59,58,84,85,36,47,32,47,26,40,21,73,41,13,15,41,22,27,24,36,29,58,61,75,7,39,30,0,0,15
2023-04-30,48,16,6,7,4,42,20,38,43,37,46,11,46,38,56,75,66,33,56,8,35,41,31,52,32,20,51,10,38,41,24,18,26,43,28,44,22,29,40,35,90,36,36,36,22,20,49,12,13,21,13,17,12,20,7,43,19,15,26,9,5,22,21,60,61,23,43,17,13,9,70,15,10,9,81,75,54,27,13,37,45,14,28,22,26,34,8,16,60,61,61,14,31,35,25,37,57,56,88,88,34,45,31,46,27,34,23,75,38,13,16,37,21,33,19,39,36,51,59,72,6,37,29,30,0,11
2023-05-07,48,16,6,7,4,44,18,45,41,39,36,11,47,41,57,72,63,32,57,7,35,39,34,50,35,18,50,9,37,36,24,15,24,46,30,43,25,29,43,26,85,41,38,33,19,22,46,13,13,20,12,17,12,19,7,42,19,13,29,9,6,22,23,58,61,17,43,17,11,8,66,12,10,9,77,78,55,24,10,51,49,13,28,21,26,33,6,17,62,61,56,13,31,36,24,40,57,59,89,88,30,43,28,47,24,37,17,65,39,13,14,35,25,36,19,42,28,57,57,71,6,36,30,0,0,0
2023-05-14,47,14,5,7,4,42,17,39,43,35,25,12,46,40,54,75,66,32,56,9,37,39,34,49,29,19,48,8,41,35,23,15,24,42,29,43,21,31,43,30,71,34,38,35,18,22,51,10,12,19,13,15,11,16,9,43,19,12,28,8,5,19,22,62,67,19,43,18,13,10,65,13,10,7,72,75,49,23,12,30,47,11,30,22,25,31,7,15,58,59,52,12,30,29,24,34,57,54,85,87,32,47,30,47,25,27,17,70,41,12,14,30,23,35,19,38,45,59,57,70,6,35,27,0,0,0
2023-05-21,49,12,5,7,3,41,17,39,39,31,23,10,45,41,55,78,67,31,60,7,32,39,28,47,36,22,51,8,36,38,23,15,24,43,27,46,21,26,43,31,62,39,40,32,20,28,50,13,11,19,12,12,14,17,6,38,19,12,25,9,6,22,20,63,63,20,45,18,12,8,54,14,10,5,69,82,44,24,11,35,50,12,28,21,24,31,6,17,60,59,53,10,30,39,24,40,57,53,85,86,30,42,31,47,25,35,16,54,37,12,13,25,16,34,18,32,50,58,59,76,6,33,24,0,37,0
2023-05-28,47,11,4,6,3,38,16,35,40,24,23,10,44,42,55,77,67,29,56,7,31,34,31,44,22,22,45,8,37,34,22,13,24,38,29,43,15,27,43,28,59,40,38,37,16,25,47,12,10,21,13,13,10,17,6,38,18,11,32,7,5,16,19,64,66,15,42,17,13,9,45,13,10,6,62,78,42,22,10,26,39,12,26,20,30,32,7,13,56,52,51,10,29,39,24,35,54,52,76,76,28,43,28,43,22,31,15,48,35,11,12,22,21,24,17,35,30,57,53,70,6,31,21,0,0,0
2023-06-04,44,10,4,6,3,35,15,34,38,27,22,8,41,38,48,76,68,26,50,6,31,30,26,46,24,17,42,8,34,29,20,14,21,33,24,36,21,26,39,24,50,32,35,34,17,24,44,11,10,19,10,9,11,16,6,44,15,10,26,7,4,18,17,60,59,18,39,16,10,7,44,12,9,5,61,79,44,21,9,23,49,13,25,19,27,29,6,12,52,47,44,9,25,39,20,32,49,48,68,66,25,45,24,41,21,28,12,42,36,10,10,20,15,26,13,34,24,57,52,71,6,29,19,0,0,10
2023-06-11,41,9,4,5,3,33,15,32,35,23,18,7,37,38,47,75,68,25,52,6,25,32,26,39,23,20,39,8,34,29,18,12,20,32,24,34,20,23,37,27,45,32,36,34,16,24,45,11,10,17,8,9,9,15,6,40,15,14,24,7,4,15,15,59,59,18,41,16,11,6,40,12,9,4,67,81,43,19,9,21,47,10,26,18,25,28,5,15,52,50,42,9,24,29,21,32,45,51,70,68,26,32,24,40,22,30,12,57,34,10,11,16,16,32,15,32,29,60,48,69,6,29,17,0,0,0
2023-06-18,41,10,3,5,3,28,13,33,32,26,24,7,35,36,45,76,69,24,53,4,25,32,23,39,34,19,35,7,32,25,16,12,20,30,22,33,14,22,36,25,48,30,34,32,14,23,44,10,10,18,8,9,8,16,5,42,14,7,27,7,6,14,15,58,62,15,37,16,10,7,38,13,8,4,67,73,42,21,6,21,39,9,23,18,24,24,5,12,48,45,42,9,24,39,20,30,45,49,64,62,24,36,23,41,22,27,10,39,34,9,9,16,18,32,14,30,52,56,43,67,5,27,15,0,38,0
2023-06-25,38,9,4,5,3,28,13,30,32,23,20,6,34,36,44,84,70,23,47,5,25,25,23,42,40,16,34,8,31,23,16,13,19,26,19,33,19,26,35,29,44,28,35,31,16,23,45,9,9,15,8,7,9,13,4,42,13,12,21,6,5,16,14,57,59,15,37,16,9,6,36,11,9,5,62,79,42,22,8,22,48,9,23,17,23,24,5,14,49,42,40,8,21,26,17,27,42,43,61,57,22,36,21,40,20,24,11,50,31,9,10,15,17,30,12,27,18,57,46,67,5,30,15,0,0,12
2023-07-02,38,9,3,5,3,27,13,33,30,20,17,6,33,35,42,79,68,22,41,7,23,26,22,39,36,17,31,7,30,22,16,10,19,28,19,31,19,22,34,28,43,30,34,33,18,23,43,11,9,15,7,7,8,14,5,38,13,11,25,6,4,18,13,58,63,14,37,15,9,5,37,12,10,4,60,79,38,20,9,20,34,11,22,15,22,23,4,9,45,42,37,8,20,28,18,26,42,43,58,54,24,31,22,39,19,23,12,47,28,9,10,13,10,31,12,22,22,63,42,67,5,26,13,0,0,0
2023-07-09,36,7,3,5,4,26,11,30,30,23,14,6,32,35,45,78,72,21,49,4,21,21,17,41,29,18,32,8,33,22,16,10,18,24,21,33,12,26,31,25,46,30,34,30,14,20,40,8,8,18,9,10,8,16,5,40,14,9,24,7,5,16,14,48,52,13,37,14,8,5,42,10,8,5,65,78,43,22,9,22,46,9,22,15,20,21,3,12,47,41,36,6,19,29,17,29,38,41,55,52,23,30,22,39,17,19,9,51,29,9,8,14,15,27,14,26,35,55,43,65,5,25,16,0,0,0
2023-07-16,33,7,3,5,4,25,11,28,30,26,18,6,31,35,44,80,67,20,44,4,18,23,15,42,24,17,29,8,34,23,15,8,19,22,20,27,13,26,32,26,40,26,33,30,13,20,39,8,8,14,9,7,8,15,3,39,12,10,13,6,3,13,12,49,54,14,37,14,7,5,44,10,8,4,63,79,43,22,8,21,36,8,21,14,23,21,4,12,45,35,32,7,17,28,15,22,36,44,52,46,26,26,25,34,16,19,11,46,28,8,10,16,16,28,11,23,21,56,44,65,4,25,14,0,0,0
2023-07-23,35,8,3,5,4,26,13,29,31,28,12,6,32,36,47,76,69,21,37,4,22,21,24,41,34,17,29,8,29,23,16,12,20,26,19,27,10,25,31,27,43,27,33,33,15,20,41,9,8,16,10,12,8,13,4,42,12,14,16,7,5,13,13,47,52,17,35,17,8,5,37,12,9,4,63,79,43,20,8,24,44,10,21,15,23,21,4,9,46,39,37,7,16,28,16,22,34,41,48,46,26,31,24,36,18,21,10,49,28,9,9,15,16,38,9,25,27,55,43,66,5,27,14,0,0,0
2023-07-30,34,7,4,5,6,26,13,29,32,34,21,5,33,35,47,76,80,22,42,4,25,21,24,39,35,17,29,9,34,26,17,12,20,25,18,27,12,24,33,29,42,28,33,31,12,23,39,9,9,17,7,8,8,14,4,41,14,11,17,7,6,13,13,48,54,14,35,16,8,7,30,10,10,3,62,73,40,21,10,22,41,10,21,14,22,22,5,10,49,41,38,6,16,24,15,23,34,40,48,46,25,26,24,36,16,17,11,41,26,9,9,14,17,37,13,25,24,61,40,61,4,26,14,0,32,0
2023-08-06,35,7,4,4,8,30,15,32,35,39,25,5,33,36,48,77,69,23,42,3,29,25,26,41,25,19,30,9,34,26,20,13,21,29,20,30,11,27,32,34,48,28,35,35,16,20,41,9,9,20,12,11,10,18,4,47,16,12,16,8,6,14,13,47,52,13,36,18,9,6,32,13,12,5,63,76,38,21,11,21,51,10,25,14,24,23,6,10,46,37,38,6,17,23,15,17,35,34,48,49,26,25,24,36,17,15,10,48,28,10,10,16,17,36,11,27,27,62,42,61,5,29,18,0,30,18
2023-08-13,38,9,4,5,10,32,17,34,37,50,14,6,35,39,52,72,68,24,40,4,27,29,28,43,40,18,31,10,32,29,23,15,23,32,19,32,20,30,34,28,61,29,37,35,18,26,44,10,11,20,11,8,12,15,5,39,17,7,20,9,6,13,14,44,49,15,39,18,9,7,41,13,13,4,62,74,41,23,11,23,42,10,24,16,25,24,7,13,47,43,37,8,16,23,17,21,35,45,49,47,27,26,25,40,18,23,13,52,26,11,11,15,18,43,12,31,23,62,45,60,5,30,18,0,0,12
2023-08-20,40,11,4,6,15,37,20,35,43,61,14,8,38,39,53,72,72,26,39,4,37,35,32,53,32,20,31,12,33,35,26,17,25,39,22,34,18,27,35,29,58,32,37,33,18,29,43,12,12,24,12,14,12,20,5,47,23,11,15,10,9,18,18,42,49,16,42,19,10,7,55,15,13,5,62,77,50,28,16,30,43,10,24,16,29,29,10,13,51,43,48,10,16,21,18,22,36,48,52,50,31,35,29,40,18,22,15,66,33,13,12,23,25,34,16,30,21,61,48,62,5,32,23,0,0,18
2023-08-27,42,10,5,6,19,40,23,36,51,70,14,9,41,40,56,69,65,29,45,4,40,36,38,51,33,19,33,12,34,38,29,17,28,45,24,39,22,33,35,35,63,33,38,34,18,25,44,11,14,19,17,12,13,22,5,42,24,15,17,12,12,21,21,42,49,18,40,20,12,8,57,15,14,6,72,73,52,29,17,26,47,12,25,17,26,30,9,13,52,45,49,10,16,26,16,24,33,42,53,52,37,34,33,43,20,21,18,72,33,15,14,31,26,44,15,35,40,57,52,58,5,36,27,0,0,15
2023-09-03,45,11,5,6,30,43,24,37,48,71,11,9,41,41,58,71,72,31,45,3,40,38,39,55,32,22,39,12,38,38,32,20,29,47,25,38,21,31,37,30,64,37,37,34,24,26,45,13,15,26,20,23,16,23,6,48,26,15,20,14,10,23,21,42,48,24,41,22,14,10,61,18,14,6,70,72,57,30,18,24,47,14,25,19,25,31,12,21,56,55,55,9,19,30,20,25,35,41,53,49,38,41,33,46,22,27,20,64,37,17,17,31,29,35,17,40,29,54,55,60,5,38,31,0,33,18
2023-09-10,47,13,5,7,45,44,25,38,52,87,13,9,41,40,63,73,70,34,59,4,49,39,48,63,37,23,45,14,40,45,34,22,29,49,26,38,27,30,38,32,69,39,36,38,24,28,45,14,16,27,21,24,17,26,6,56,28,16,21,15,15,25,25,44,48,22,43,19,15,11,71,22,14,6,82,74,62,30,19,26,52,13,30,21,31,33,13,20,56,55,54,12,19,28,20,24,35,47,58,55,40,43,34,45,25,23,23,73,34,25,18,41,32,39,20,31,43,56,58,61,6,38,42,0,0,19
2023-09-17,49,12,7,8,54,46,27,40,50,86,16,10,43,41,71,76,71,37,58,4,54,44,51,63,37,20,47,12,45,48,38,23,31,54,29,39,31,34,41,44,70,44,38,36,28,28,45,14,18,31,26,29,18,33,7,53,29,16,22,19,14,29,26,42,46,20,45,21,17,13,73,27,14,9,85,76,64,31,17,24,52,18,31,22,31,35,15,25,58,53,57,11,20,27,23,33,39,51,59,56,37,47,35,46,26,28,23,70,40,29,20,44,39,35,24,39,34,53,63,64,7,40,38,24,0,17
2023-09-24,51,13,6,8,62,47,26,40,47,85,10,11,41,43,58,71,71,35,65,4,53,45,48,60,31,23,53,11,43,50,38,26,31,53,33,40,25,32,44,36,70,43,38,34,23,28,44,16,18,29,32,32,22,35,9,58,30,18,22,19,17,30,23,39,47,17,42,20,17,14,77,29,13,9,87,72,64,33,20,33,45,18,34,24,27,38,14,21,59,54,56,12,21,29,20,19,36,43,59,59,40,54,35,45,27,27,25,79,42,30,22,36,41,35,19,38,33,58,64,64,7,38,44,0,27,18
2023-10-01,52,13,7,9,70,42,26,40,42,76,17,11,39,40,60,72,67,34,61,3,47,45,43,58,26,21,55,10,47,48,39,26,29,48,31,44,41,35,52,33,71,44,36,32,25,26,42,17,18,30,29,30,23,39,8,52,28,18,26,21,16,29,24,45,46,17,43,19,16,14,76,29,12,8,84,75,62,28,19,26,46,17,33,24,29,38,14,24,61,56,53,12,21,25,22,24,37,48,60,56,37,54,35,41,27,20,26,78,43,32,21,41,43,25,23,37,37,61,57,60,8,37,46,25,0,28
2023-10-08,56,13,7,9,69,44,28,43,46,66,19,11,40,41,55,71,69,36,59,5,53,49,49,54,28,22,57,9,48,50,39,31,31,52,30,44,22,29,47,38,66,44,36,35,26,26,43,18,20,29,33,36,23,36,8,49,32,17,30,18,14,33,24,41,48,21,44,19,17,14,70,28,11,7,79,74,58,28,19,22,45,17,39,28,27,41,16,24,60,52,56,12,23,37,24,23,38,46,56,56,40,61,36,45,32,38,30,74,41,31,23,38,42,29,26,40,35,57,65,64,9,40,44,0,44,11
2023-10-15,59,13,9,10,67,43,29,41,43,62,14,13,41,43,55,74,69,39,74,5,60,53,59,56,43,24,60,9,49,54,42,30,31,51,36,47,31,32,49,34,70,48,38,36,32,28,44,21,21,34,30,38,24,39,10,53,35,18,33,20,12,31,29,43,48,18,43,19,21,17,69,33,11,10,85,76,62,29,20,23,45,21,41,31,26,43,20,25,60,57,56,12,25,31,24,33,38,46,63,61,39,57,36,43,33,33,26,81,48,32,24,48,45,39,27,44,41,62,72,65,9,40,43,0,69,34
2023-10-22,60,13,9,12,60,43,30,46,45,57,15,16,43,44,57,76,69,38,66,3,57,54,54,55,33,21,61,9,54,55,40,32,31,54,39,46,30,33,49,41,68,51,39,31,30,29,43,24,22,33,31,36,25,39,9,54,32,17,29,20,16,35,27,47,47,21,48,20,20,17,67,30,11,10,88,73,63,28,19,23,46,19,40,30,31,43,23,28,61,55,59,13,26,31,30,29,44,49,64,63,37,58,37,47,36,42,31,83,49,32,27,44,46,36,31,40,46,60,76,65,10,40,48,0,30,26
2023-10-29,60,12,10,13,53,45,35,47,48,54,15,17,43,42,54,71,63,44,68,5,53,48,55,57,32,25,65,8,52,61,44,31,35,49,37,49,36,37,45,42,66,50,38,37,30,26,41,23,21,34,33,36,26,40,13,55,37,23,36,21,16,37,26,43,47,22,45,19,22,17,69,32,11,10,85,71,62,29,19,22,46,20,39,31,30,42,23,33,64,59,56,12,27,33,27,31,41,48,64,62,43,61,37,44,35,29,29,78,48,32,24,41,49,34,33,49,49,52,70,63,10,42,46,23,62,19
2023-11-05,68,13,12,18,45,49,37,54,50,59,13,25,46,46,55,74,70,43,77,7,61,61,57,58,35,28,74,8,61,69,46,34,33,61,41,54,34,36,53,44,70,54,42,41,40,28,47,29,27,43,31,38,31,48,14,57,40,24,33,26,12,39,29,49,54,18,49,22,25,21,69,35,11,12,86,70,63,30,24,23,47,22,43,37,33,49,31,37,67,65,64,12,31,32,27,40,46,57,71,67,44,72,39,47,37,42,35,83,55,34,33,41,43,37,35,50,54,62,78,69,11,44,49,0,68,24
2023-11-12,71,16,16,23,38,52,44,58,52,58,28,30,49,48,62,76,72,47,80,6,62,66,57,57,35,30,81,9,59,71,48,39,34,58,46,57,44,39,59,41,72,56,43,42,40,34,51,37,27,47,36,38,35,47,18,58,42,32,38,28,13,41,33,53,58,24,52,27,31,25,76,39,13,14,91,75,75,32,29,21,43,27,47,39,32,51,40,36,71,65,66,14,35,40,35,37,52,57,73,69,48,69,45,49,40,39,38,93,65,37,32,52,48,29,43,50,58,61,85,73,12,47,53,26,64,37
2023-11-19,73,11,18,24,26,55,43,59,55,42,86,29,48,47,67,71,66,46,68,6,71,72,69,47,37,29,78,7,64,71,45,34,37,65,45,60,42,35,59,43,49,61,42,42,38,34,46,29,28,44,35,31,35,40,22,55,44,35,41,26,10,46,31,60,63,19,49,35,33,27,44,34,14,13,68,77,49,27,28,21,45,30,55,40,37,56,43,39,70,68,70,11,37,46,39,44,55,59,68,66,43,77,41,45,45,46,40,64,63,34,34,43,43,39,39,50,41,64,83,77,11,38,36,31,30,22
2023-11-26,76,16,25,27,32,59,53,76,61,55,96,34,48,50,84,79,74,52,81,7,69,70,67,62,34,28,86,9,71,76,57,45,41,64,48,59,52,47,60,48,79,62,44,48,46,35,49,36,34,47,40,37,41,56,19,71,52,33,46,32,14,52,43,56,61,31,54,30,34,30,76,46,15,18,92,78,64,29,33,27,49,27,78,51,36,61,47,42,76,77,74,15,40,49,39,41,60,66,73,70,53,83,51,51,56,53,42,81,67,41,38,62,51,43,49,55,44,64,98,72,17,49,58,25,57,45
2023-12-03,72,15,31,33,25,56,53,69,56,51,66,43,49,52,75,79,72,47,89,8,64,67,67,63,34,35,87,9,67,70,52,43,40,58,54,55,49,46,57,48,75,60,47,50,51,41,50,44,39,53,38,44,43,57,26,70,54,41,45,34,18,54,44,56,61,30,58,32,38,33,78,46,16,22,89,80,66,34,34,24,56,32,72,51,41,54,48,48,72,70,66,14,41,49,40,55,59,67,76,71,55,83,50,50,61,50,49,81,71,43,44,65,58,47,45,60,42,61,95,73,16,51,60,24,104,51
2023-12-10,85,16,43,53,23,60,61,74,66,55,49,66,49,60,68,79,71,50,84,8,74,78,68,58,53,41,87,9,67,76,61,51,41,75,55,64,65,54,67,57,71,66,52,51,67,44,58,60,54,71,51,48,57,65,39,70,67,52,51,47,14,63,45,59,61,31,71,41,51,44,77,59,18,25,91,84,67,38,48,22,53,44,56,49,50,60,57,59,75,78,75,16,47,56,46,56,72,70,80,77,54,88,50,61,55,62,57,82,74,54,55,66,55,53,63,57,58,65,91,80,15,55,64,35,92,77
2023-12-17,90,12,62,85,22,71,82,92,73,52,42,96,60,70,67,82,76,58,89,5,87,91,83,56,55,54,96,9,81,89,83,66,50,90,77,75,86,69,73,55,45,76,62,61,83,57,64,85,72,86,63,52,78,91,70,84,91,76,68,67,16,84,55,70,70,31,80,69,80,72,59,77,26,37,75,82,54,36,79,18,59,78,54,49,59,70,64,75,86,87,89,13,59,75,57,72,73,78,86,85,56,96,55,59,58,71,69,61,80,75,71,72,65,50,86,68,51,73,94,85,16,59,71,32,151,128
2023-12-24,93,9,68,85,17,77,82,100,76,49,33,100,66,71,63,86,82,62,87,5,98,100,93,54,45,59,96,8,86,96,91,63,50,95,76,80,84,70,81,61,36,87,62,70,83,62,65,89,75,93,84,48,91,94,84,90,98,87,77,69,19,82,57,78,82,34,79,63,86,75,37,78,30,43,59,92,46,36,81,16,58,85,57,55,66,83,69,78,93,100,94,10,71,88,63,76,86,92,84,79,50,98,53,56,64,91,71,55,97,80,74,66,62,51,87,83,60,74,94,92,16,54,71,40,193,136
2023-12-31,88,12,59,61,19,72,73,91,65,63,35,74,56,58,61,88,78,55,86,7,78,81,70,53,37,40,90,9,78,80,85,60,45,86,58,76,70,56,68,54,46,85,49,56,67,44,67,64,54,72,62,37,74,81,59,86,76,63,72,61,19,75,54,69,68,33,63,43,64,54,44,70,22,35,78,89,51,34,58,18,53,58,55,49,49,69,69,63,93,89,87,11,52,79,53,79,66,70,75,73,52,89,52,51,60,54,59,55,93,63,58,63,61,47,61,87,63,69,96,80,16,48,64,0,185,134
2024-01-07,73,15,44,45,15,57,55,67,55,57,27,70,48,52,62,78,72,45,77,7,65,60,57,55,37,36,73,9,62,61,56,43,39,63,41,57,58,49,60,48,56,63,46,46,59,35,52,55,46,67,46,40,57,73,35,66,60,42,52,47,14,59,42,54,56,30,57,32,50,40,62,54,15,30,79,79,56,30,43,24,46,44,46,43,40,57,45,50,80,75,70,15,49,59,42,53,56,68,68,67,41,66,44,49,51,56,52,81,75,52,50,57,100,38,55,69,49,62,77,73,13,48,61,51,136,82
2024-01-14,62,14,40,39,11,52,47,55,53,47,18,59,41,48,59,78,75,42,61,7,54,55,54,58,44,30,59,8,62,57,53,41,37,53,44,52,43,45,51,37,57,53,42,40,47,33,47,46,41,54,36,35,48,55,30,57,53,47,45,39,10,55,34,57,58,27,54,26,44,37,65,50,13,24,79,79,58,31,36,65,53,36,41,37,38,51,31,45,72,62,66,13,40,45,38,52,55,64,63,59,50,66,49,47,44,54,44,81,56,42,41,51,70,41,48,53,28,59,63,69,11,44,48,33,136,58
2024-01-21,65,14,43,50,10,51,48,56,47,48,20,72,44,52,56,79,75,38,67,5,55,51,49,61,31,34,61,9,57,56,42,38,35,57,42,54,61,42,53,48,66,53,44,46,55,42,50,54,47,64,38,37,48,53,34,64,54,42,54,43,18,56,39,59,65,30,57,28,44,38,79,53,14,30,89,81,70,34,37,25,52,40,42,36,40,100,24,50,71,67,60,14,39,48,38,48,59,65,69,63,50,62,45,50,44,46,48,99,57,46,46,54,57,37,54,45,44,66,64,74,11,46,57,39,137,62
2024-01-28,58,16,44,47,9,50,46,50,55,51,18,83,43,53,55,77,73,37,73,10,52,50,48,60,42,34,58,10,50,52,47,33,33,53,43,47,49,47,47,53,70,50,45,50,51,35,49,55,46,60,39,41,45,54,34,62,48,37,50,43,18,54,37,60,61,26,61,26,47,41,75,50,14,31,90,78,68,31,33,25,59,39,39,32,38,53,20,44,71,64,64,15,43,50,38,55,56,58,73,68,44,60,39,49,37,39,47,100,54,47,43,52,51,46,51,47,45,60,64,71,9,49,54,30,101,69
2024-02-04,58,17,48,47,9,54,46,52,55,57,18,88,46,53,61,78,74,38,75,5,60,55,56,60,44,36,59,10,56,54,46,41,35,57,45,54,57,48,54,51,70,53,46,49,52,38,52,51,49,60,38,41,43,54,37,65,53,45,50,43,16,55,36,55,60,33,61,27,46,39,72,51,14,40,99,81,71,35,35,23,55,39,41,34,41,50,19,46,74,78,60,16,43,52,39,53,59,70,80,72,49,59,44,53,41,54,54,93,52,48,47,56,50,42,50,48,36,65,69,71,9,51,60,0,125,69
2024-02-11,56,17,47,42,8,57,45,49,58,51,14,93,46,52,67,77,72,38,68,4,56,52,56,59,30,33,59,12,48,54,45,39,34,59,43,50,43,46,48,54,63,51,45,46,51,33,50,55,43,60,38,38,49,52,35,66,49,37,50,40,12,50,37,71,64,25,58,25,41,36,71,48,14,36,97,82,67,30,32,21,48,43,40,33,43,49,18,47,76,69,60,15,47,50,37,49,59,64,81,73,42,66,38,49,37,41,52,83,49,44,47,53,49,37,49,43,34,67,70,74,10,50,55,40,81,59
2024-02-18,61,15,48,51,8,56,45,51,62,60,17,97,50,50,61,77,75,39,71,6,59,51,57,56,32,29,60,10,57,54,48,41,34,65,48,55,47,44,51,43,61,53,44,42,54,34,53,53,44,58,38,39,47,55,35,64,50,32,52,38,10,53,39,67,65,33,57,24,45,41,65,50,14,39,95,78,65,29,31,22,43,38,42,34,45,47,18,45,79,78,75,14,47,59,42,60,72,70,80,75,48,57,44,52,38,60,47,83,52,43,42,50,51,33,49,45,31,67,75,77,10,48,56,29,100,74
2024-02-25,58,18,46,37,7,53,39,48,56,53,14,87,43,48,64,76,69,36,66,5,56,49,53,60,42,29,60,12,48,51,42,33,33,54,43,50,42,38,47,52,67,47,48,44,42,33,51,44,38,51,34,36,41,43,29,56,45,36,52,34,10,50,39,65,66,30,56,23,41,35,72,44,14,38,97,80,69,32,28,21,51,37,40,33,43,41,16,38,72,77,67,15,44,51,36,54,74,75,78,73,42,63,38,50,37,50,44,99,50,41,37,53,44,39,57,42,27,59,71,73,10,48,56,58,124,65
2024-03-03,57,17,42,34,7,50,32,42,49,52,13,86,40,48,59,74,67,30,57,5,48,47,47,57,23,24,57,12,46,42,35,27,28,52,41,47,37,36,48,36,66,45,45,39,39,30,50,44,32,46,30,31,37,39,26,55,39,30,49,28,10,41,33,60,60,25,53,21,34,29,73,40,12,34,91,79,65,27,24,22,44,35,36,29,35,39,13,34,67,61,65,15,46,54,34,55,65,65,77,71,38,56,32,50,34,47,35,84,44,37,33,53,42,37,64,37,35,60,63,74,9,47,52,32,107,45
2024-03-10,55,14,34,29,6,49,30,43,49,52,14,73,42,43,55,79,66,30,67,6,45,45,38,49,37,22,53,9,43,42,36,24,28,50,44,46,37,33,45,42,62,45,40,42,32,25,48,34,28,40,28,30,34,30,20,55,35,27,41,23,8,38,32,64,60,23,48,19,31,26,61,35,10,31,84,82,58,25,19,22,55,28,37,28,32,38,10,32,70,68,59,13,40,51,32,49,62,60,70,71,35,49,32,45,33,37,36,79,44,31,28,45,36,35,37,33,33,57,58,73,8,41,44,0,131,41
2024-03-17,55,16,28,23,5,49,28,42,48,44,12,64,42,43,61,78,66,31,67,6,44,42,42,54,30,23,56,8,46,41,33,24,30,47,39,44,39,36,43,36,64,44,39,42,33,26,48,30,26,40,24,27,29,34,15,57,31,23,35,20,6,37,30,62,62,20,45,19,28,24,66,30,11,26,91,77,64,28,17,21,53,26,35,29,30,37,10,33,66,68,58,14,38,43,31,43,57,58,76,68,36,62,35,46,33,44,28,73,46,28,23,45,35,38,31,35,26,66,65,77,9,40,42,0,101,35
2024-03-24,53,13,25,21,6,47,27,41,44,47,13,54,41,44,58,74,64,33,60,13,41,40,38,52,24,20,54,9,44,41,34,23,29,50,38,44,36,32,43,29,76,42,41,42,30,23,46,27,24,40,23,20,28,31,19,52,31,22,41,19,20,34,29,70,62,21,45,20,25,22,58,30,11,21,87,77,56,24,15,23,55,24,36,28,26,37,9,25,64,60,57,11,36,46,30,43,55,57,72,65,37,48,33,43,32,36,26,71,42,27,23,41,36,32,31,33,28,59,63,74,8,40,37,0,26,20
2024-03-31,50,14,20,18,5,44,24,38,42,40,10,42,40,41,59,78,68,28,69,62,41,41,38,49,25,18,54,8,44,40,32,23,26,48,42,44,41,30,42,33,63,41,38,37,29,26,45,21,24,36,19,24,24,29,12,45,27,23,37,17,100,33,31,68,61,48,43,16,20,17,57,27,10,21,83,79,56,23,16,21,47,21,34,27,29,34,8,27,62,61,58,11,37,47,29,40,58,56,66,61,36,49,31,46,32,39,31,77,40,27,25,47,40,24,28,37,31,58,61,72,8,37,38,0,33,35
2024-04-07,49,14,18,15,4,41,23,38,38,39,11,30,40,41,57,76,72,27,57,33,34,38,32,50,20,18,53,8,40,36,27,19,25,44,35,42,34,28,41,32,69,38,39,39,28,22,46,20,20,29,18,16,19,25,11,47,21,15,30,14,27,32,30,64,62,32,41,16,19,17,71,23,8,17,91,76,61,24,12,22,54,21,33,26,26,32,6,24,61,59,54,11,34,40,26,35,51,55,65,60,35,56,30,45,31,38,27,73,37,21,22,40,32,20,25,29,33,52,62,71,8,40,42,0,0,38
2024-04-14,48,15,15,13,4,43,19,36,42,34,10,26,40,41,57,76,67,26,58,29,33,38,35,55,30,16,52,7,41,39,25,18,25,43,36,42,32,30,40,31,74,39,51,37,22,20,45,18,19,27,17,19,20,25,11,46,21,12,34,13,13,24,28,61,56,24,46,15,17,14,81,22,9,14,93,78,65,26,11,22,49,19,34,26,26,31,6,21,60,57,49,12,31,40,22,34,50,57,65,61,41,54,32,45,31,29,25,82,37,19,19,41,31,25,26,31,25,55,60,71,8,40,36,0,51,34
2024-04-21,50,15,13,11,4,45,20,37,45,37,13,20,41,39,58,78,67,26,60,46,35,38,36,57,36,17,54,7,40,39,26,17,26,45,33,40,28,26,41,35,73,39,40,34,25,20,47,17,17,28,16,18,18,25,8,53,22,13,30,13,14,26,75,61,58,39,39,15,15,12,77,18,10,13,94,78,61,24,11,24,50,17,33,24,26,32,6,22,63,60,54,12,30,42,24,29,48,47,67,64,37,48,32,48,28,32,28,80,39,20,20,53,26,39,24,34,27,60,62,71,7,39,43,0,30,18
2024-04-28,47,14,12,9,4,41,18,35,43,30,11,19,45,39,58,73,65,24,57,34,32,40,31,51,23,17,46,7,35,34,24,18,23,43,33,37,36,26,40,28,68,37,54,40,20,20,45,17,16,28,15,20,16,19,11,47,20,10,30,10,17,25,100,56,57,39,44,14,14,11,75,21,9,11,85,74,61,25,11,22,56,17,31,24,26,30,5,18,56,54,52,11,27,34,23,28,45,51,63,58,33,46,29,46,27,26,23,84,35,17,19,53,31,23,20,39,25,58,55,67,8,37,38,0,0,22
2024-05-05,48,13,10,8,4,41,17,35,42,31,12,14,40,38,53,77,65,25,57,28,32,34,31,49,20,17,47,7,36,34,23,16,24,41,38,44,31,28,39,31,64,36,47,33,21,18,46,18,16,23,15,18,15,19,5,45,20,11,18,10,15,25,50,58,58,28,38,15,13,10,74,17,8,9,84,76,55,24,10,21,44,15,31,24,24,28,5,16,57,55,50,12,27,36,22,27,42,44,63,62,38,46,30,48,31,26,23,65,34,15,18,43,27,21,22,31,37,57,52,70,7,38,35,0,0,13
2024-05-12,47,13,8,8,4,40,20,36,41,32,10,12,41,41,52,79,65,25,59,27,34,36,31,49,34,18,45,7,38,33,24,18,23,39,32,42,23,34,38,30,60,35,76,32,20,23,44,16,13,22,12,14,14,17,7,42,18,13,26,9,12,23,24,58,59,32,42,15,12,9,57,18,8,9,80,77,51,24,10,22,51,13,33,24,22,30,5,17,55,59,51,12,27,38,22,29,42,45,63,60,32,47,29,43,28,25,21,67,37,14,15,35,25,39,20,32,28,59,56,69,7,36,33,0,0,0
2024-05-19,48,11,7,8,3,41,18,37,38,27,11,11,42,40,50,75,68,26,56,19,31,34,34,46,36,19,41,7,39,37,23,16,23,40,32,42,32,27,40,32,54,36,80,33,18,22,46,13,13,22,14,12,15,17,7,45,18,15,24,10,9,24,23,58,56,40,46,15,12,10,53,17,8,8,71,76,46,21,11,23,47,16,32,23,26,29,4,18,55,57,49,9,24,32,22,30,37,37,61,58,30,46,28,42,26,23,21,62,38,14,16,31,24,32,16,27,17,61,54,67,7,35,29,0,0,0
2024-05-26,45,11,7,7,3,36,18,34,43,25,10,8,39,41,45,77,62,24,50,15,30,30,27,41,35,17,45,6,38,31,23,17,24,33,32,42,17,21,39,32,48,35,84,34,16,22,47,12,13,22,12,12,13,17,8,45,17,14,27,8,8,20,21,61,60,27,44,16,12,10,48,18,9,6,67,80,44,21,9,19,48,14,32,25,27,30,4,17,54,53,50,10,27,43,21,35,40,43,58,56,29,41,26,44,27,27,17,53,36,13,14,26,21,36,14,23,26,59,45,69,8,31,25,0,31,19
2024-06-02,42,11,7,7,3,34,16,31,36,20,12,8,35,40,40,71,65,21,47,22,29,34,27,42,31,15,39,7,36,30,20,12,21,35,32,38,19,25,38,27,49,30,73,36,17,17,44,12,11,21,12,11,14,18,5,45,16,9,25,8,8,23,18,55,53,40,43,15,12,10,50,13,8,8,71,79,48,21,9,20,45,13,32,22,28,27,4,17,54,51,44,11,24,27,20,27,38,37,52,53,27,36,24,39,25,27,14,63,34,12,12,19,39,28,17,24,30,60,50,65,7,32,21,0,0,15
2024-06-09,40,8,6,6,4,32,15,30,31,20,12,6,32,40,39,71,63,21,45,14,26,32,23,39,0,17,37,7,33,27,20,15,21,33,28,34,17,26,36,31,44,30,67,35,19,23,44,12,13,26,12,13,12,19,5,46,18,10,26,9,9,18,18,52,52,22,39,16,11,9,41,12,9,5,69,79,46,19,7,18,44,14,31,22,26,26,4,17,51,47,41,7,22,32,19,29,36,41,51,46,25,38,23,39,26,26,15,51,32,12,13,24,21,24,13,30,24,62,45,65,8,32,21,0,0,12
2024-06-16,38,7,5,6,3,31,14,28,31,18,10,5,30,40,41,73,65,21,49,15,24,25,26,43,19,17,34,8,34,25,18,13,19,28,31,35,19,28,34,27,44,31,88,31,17,20,46,11,12,22,12,10,12,16,6,45,16,11,19,9,8,19,17,62,56,26,41,16,10,6,42,13,9,5,66,78,45,21,9,26,49,11,32,21,20,23,3,12,48,48,40,7,22,29,20,20,33,43,49,45,28,32,25,45,19,27,12,48,28,12,12,19,20,27,15,25,19,59,48,65,8,33,21,0,0,13
2024-06-23,37,8,6,6,3,29,13,29,30,21,15,5,30,43,41,71,66,20,47,12,26,27,25,42,27,17,34,8,35,25,20,13,19,28,27,32,20,24,35,30,44,33,78,36,17,23,48,13,11,20,10,9,12,20,6,46,17,11,22,9,6,18,15,51,54,30,40,17,10,8,36,14,10,5,68,79,46,20,9,17,45,12,29,21,27,24,3,13,47,48,38,7,21,23,20,27,31,45,47,45,24,28,23,43,25,20,14,53,30,11,13,18,20,31,15,25,22,63,46,63,7,32,21,0,0,0
2024-06-30,37,7,5,6,3,30,16,27,31,17,12,5,31,43,37,73,69,20,36,11,26,23,25,42,40,16,29,8,32,23,18,14,21,28,26,29,16,29,33,26,37,29,82,34,14,26,52,10,10,20,12,9,12,18,5,38,16,8,20,8,6,17,14,56,53,26,38,20,9,6,35,14,11,4,64,80,42,20,12,16,48,10,28,21,26,24,3,14,44,39,39,5,19,25,17,23,31,36,44,43,25,28,24,46,22,29,13,54,29,10,11,18,20,37,14,22,26,63,43,65,8,33,20,0,0,0
2024-07-07,38,8,5,6,4,33,17,29,32,22,11,5,32,45,41,81,70,21,40,13,25,25,25,44,26,20,30,9,33,23,20,13,21,31,29,30,15,31,34,29,41,29,76,32,18,25,52,11,11,17,11,7,12,17,4,47,17,11,24,10,4,16,16,50,52,24,38,22,10,6,44,14,12,5,68,80,45,21,10,16,48,13,29,20,29,23,3,10,48,44,38,7,19,28,19,29,33,41,43,40,29,28,25,44,21,24,12,56,29,10,11,20,20,28,18,22,35,65,46,65,7,36,22,0,0,0
2024-07-14,37,8,4,6,4,31,17,31,32,23,13,5,30,42,41,79,71,20,40,12,24,25,24,41,27,15,29,10,29,23,19,13,21,31,23,30,16,28,31,33,37,28,69,32,17,22,46,12,12,21,11,6,10,19,4,44,16,12,19,9,7,18,16,48,51,25,38,19,10,7,39,14,11,4,64,80,48,23,11,16,56,14,29,20,28,24,3,15,47,39,41,7,17,29,17,24,30,34,44,37,29,31,24,43,22,25,14,53,33,11,12,21,21,38,17,31,23,64,44,60,7,33,20,0,0,0
2024-07-21,37,11,5,6,5,34,18,33,31,24,13,7,31,38,46,80,77,21,39,9,27,22,24,43,30,17,29,10,30,26,21,14,23,29,23,25,15,29,31,32,41,25,39,34,15,24,46,12,10,19,13,7,10,16,3,48,16,10,21,10,6,16,13,48,47,18,40,20,10,6,38,14,13,6,67,83,46,22,11,17,51,11,28,18,28,24,3,15,48,41,35,12,17,25,18,16,31,40,42,37,28,32,27,43,22,21,13,54,30,11,11,18,21,35,14,30,0,63,44,60,7,34,20,0,0,36
2024-07-28,36,8,4,6,6,33,18,31,32,30,13,5,31,39,39,80,72,20,40,7,30,27,30,41,28,21,27,10,34,26,22,13,22,32,27,28,17,24,31,30,39,27,36,33,16,26,44,12,10,21,12,13,11,18,4,51,18,10,19,10,7,17,15,49,53,18,39,21,9,7,34,12,13,4,67,81,44,22,14,16,47,13,26,19,30,24,3,17,47,42,37,7,17,25,16,20,28,37,43,37,27,30,25,42,20,24,12,42,33,11,11,21,21,25,14,25,23,68,43,62,7,32,18,0,0,0
2024-08-04,36,7,4,5,7,33,18,31,34,30,12,5,29,36,41,78,71,20,39,6,27,25,24,40,28,17,29,10,29,26,22,17,21,29,24,32,22,29,30,28,38,28,35,33,19,24,44,10,11,17,12,9,10,18,6,46,18,9,23,11,6,15,15,42,48,17,34,21,9,7,32,13,14,5,63,78,43,22,12,16,45,13,28,20,26,24,3,12,46,48,37,7,17,30,17,25,29,38,40,36,27,23,26,41,21,24,14,48,31,12,11,16,20,33,13,28,26,59,42,60,7,33,18,0,0,15
2024-08-11,38,8,4,6,10,37,19,32,38,41,10,5,33,38,55,82,72,22,40,7,32,24,29,43,39,18,32,12,33,28,24,16,22,35,26,29,22,30,30,40,45,29,51,35,21,23,45,12,12,24,13,15,12,18,4,53,19,10,18,12,7,17,17,46,50,24,38,22,11,7,40,15,13,5,66,82,43,25,15,21,40,12,30,20,29,26,5,13,49,42,43,8,18,28,20,25,30,41,43,38,29,24,25,42,21,27,14,54,32,13,13,22,21,36,11,28,26,62,42,63,7,34,20,0,0,13
2024-08-18,39,10,5,6,15,39,22,33,42,48,10,7,35,41,76,76,74,26,40,8,39,30,42,49,29,18,32,11,35,33,28,20,26,43,29,37,18,31,32,40,50,26,66,34,22,25,47,11,13,23,12,13,11,18,4,49,24,12,22,14,9,20,18,46,49,23,41,22,11,8,50,14,13,6,68,75,51,26,15,32,55,13,32,22,29,29,5,16,51,42,48,10,17,23,20,15,31,43,45,42,30,33,28,46,24,24,17,57,32,15,15,28,27,30,16,34,25,65,45,61,8,39,27,0,0,14
2024-08-25,38,11,4,6,20,44,23,38,46,60,10,7,38,49,100,74,69,26,41,7,35,29,32,53,34,21,33,11,33,35,30,20,25,41,31,40,20,33,34,40,57,32,100,32,19,26,56,11,12,20,15,16,12,23,6,49,24,11,17,15,8,19,21,42,46,17,49,20,11,8,57,19,12,6,73,76,56,29,17,21,46,12,32,21,29,32,5,17,54,46,47,11,17,24,16,23,29,32,47,45,34,33,30,49,22,18,17,78,33,16,14,31,31,41,17,31,39,67,49,58,9,45,33,0,35,23
2024-09-01,42,11,5,6,29,43,26,39,49,69,9,8,37,42,65,74,70,28,48,9,42,32,41,56,43,19,36,9,36,40,31,21,27,46,34,38,8,29,34,36,58,36,87,33,22,26,46,14,15,22,19,29,14,25,5,52,28,13,22,15,11,22,22,46,50,19,48,19,14,10,70,24,11,7,74,80,62,30,18,19,57,14,36,23,30,32,6,17,53,49,53,10,19,27,21,17,29,35,47,45,39,34,32,45,25,23,19,76,31,20,16,33,31,42,22,33,33,63,52,61,9,42,35,35,28,13
2024-09-08,44,22,6,6,37,46,25,44,50,66,9,7,36,40,56,73,69,30,53,23,49,35,48,58,42,18,37,9,38,42,34,25,30,45,32,35,18,25,35,37,64,38,83,28,22,25,44,16,16,26,24,24,13,23,6,56,26,15,26,16,12,25,22,42,46,22,44,18,15,10,70,25,10,8,86,74,65,31,16,25,52,17,35,26,26,32,7,18,57,54,53,19,18,26,21,23,30,40,49,46,40,37,35,43,28,28,21,96,33,25,17,35,37,39,19,36,32,62,56,61,10,45,41,54,0,44
2024-09-15,46,11,6,7,43,46,26,41,47,73,10,8,38,41,57,75,68,31,56,7,47,34,47,55,33,21,42,9,40,39,34,22,29,50,33,36,20,25,36,30,68,35,73,30,22,26,43,18,18,29,23,32,19,29,6,55,26,14,22,16,12,29,24,43,48,18,44,17,17,12,72,28,10,7,87,76,66,28,16,20,49,16,43,28,30,33,7,20,55,52,52,12,20,27,19,24,30,40,52,48,36,47,33,45,32,26,26,90,36,25,20,38,35,33,22,37,19,61,59,60,12,44,44,77,0,16
2024-09-22,48,12,5,7,52,44,24,38,46,68,10,7,36,42,56,74,67,31,53,6,46,38,42,57,37,17,44,9,41,40,34,24,27,48,36,37,30,20,36,41,63,35,81,32,25,22,43,17,19,30,27,27,19,33,6,52,26,12,22,17,12,27,24,41,48,28,43,16,19,14,74,30,9,7,94,71,64,28,16,21,51,17,45,30,28,34,8,20,50,51,51,12,22,32,24,20,31,36,49,46,41,43,34,45,30,24,25,85,37,27,21,35,33,38,21,34,25,60,55,62,12,43,42,30,0,16
2024-09-29,46,11,6,7,56,46,26,43,42,64,9,8,35,38,59,73,72,29,57,6,47,40,47,55,33,18,50,8,40,39,35,22,26,44,42,34,23,33,39,36,62,40,38,31,24,22,44,17,18,38,29,35,20,31,5,57,26,15,29,18,13,31,26,47,47,20,44,16,15,11,71,26,8,6,93,75,64,27,14,22,45,16,48,33,23,36,8,21,54,55,51,12,23,32,22,21,34,36,50,45,38,47,32,45,34,22,23,82,37,30,20,42,46,30,25,30,23,55,60,63,14,39,47,0,0,13
2024-10-06,52,11,6,7,57,45,26,42,44,54,10,8,34,37,58,72,70,30,65,6,46,40,42,59,29,17,56,7,48,40,35,23,27,45,41,36,36,29,41,32,61,38,36,33,28,20,43,21,21,36,25,29,21,38,8,58,28,17,30,19,13,28,24,45,48,19,38,15,16,12,65,29,8,8,92,71,64,26,16,18,52,21,53,36,26,37,8,21,58,52,52,11,24,35,24,19,32,40,50,47,34,50,32,43,38,30,25,84,39,28,21,40,41,23,22,28,15,67,62,62,17,40,43,27,27,16
2024-10-13,52,12,6,8,57,43,27,47,45,56,10,9,36,37,51,78,70,34,67,5,51,42,48,60,26,18,58,7,50,44,36,22,29,45,44,37,31,25,43,27,60,42,35,37,30,22,42,21,21,34,30,30,22,37,7,56,30,15,27,18,10,28,25,47,50,20,39,16,18,11,63,32,8,8,93,74,63,27,17,19,55,18,59,43,26,40,9,24,59,56,52,11,25,32,25,25,35,40,50,49,43,59,36,43,47,32,24,78,40,28,21,40,49,32,20,34,29,67,67,66,23,40,45,0,28,0
2024-10-20,56,13,6,9,52,44,27,48,44,57,10,9,38,42,59,77,68,32,79,10,49,42,45,60,36,19,66,9,53,48,38,26,33,46,43,42,34,33,46,36,62,44,38,35,27,20,44,21,21,40,29,28,25,39,9,54,32,11,26,19,12,30,27,69,53,21,43,17,18,13,73,30,9,8,93,78,67,26,16,23,57,21,91,58,26,40,10,27,63,61,56,13,27,36,28,31,39,48,56,49,41,58,35,45,61,31,30,87,43,29,23,42,44,36,31,36,34,70,70,70,56,46,46,26,28,14
2024-10-27,55,14,8,9,46,46,28,50,46,55,8,9,40,42,58,75,68,34,66,7,49,44,47,68,33,17,68,8,47,49,39,26,30,50,45,43,23,28,46,30,62,43,46,36,27,24,47,21,21,38,28,39,23,38,9,55,30,18,33,19,14,25,25,62,60,21,42,17,19,15,66,32,8,10,94,79,64,25,15,21,42,19,100,95,24,43,9,27,58,55,53,12,30,37,29,28,38,45,57,53,45,67,38,47,73,31,27,88,44,28,23,38,44,31,23,36,26,63,70,69,100,44,44,63,0,18
2024-11-03,53,16,8,10,36,43,29,56,42,54,10,8,38,37,50,71,64,33,73,7,55,47,49,51,27,19,59,7,44,50,37,26,27,46,41,44,27,26,44,30,59,40,36,27,25,21,38,20,19,31,25,32,25,31,8,53,30,18,28,19,11,26,23,50,53,25,42,15,16,14,64,30,7,8,88,70,57,24,15,24,41,18,73,58,29,42,9,25,54,55,47,13,28,31,25,30,37,37,52,50,40,62,35,43,66,25,26,83,40,27,24,37,49,27,24,37,29,58,65,60,53,42,43,0,31,21
2024-11-10,58,14,9,12,34,48,35,60,50,49,10,10,43,41,56,76,72,37,79,19,53,51,48,54,27,20,70,8,57,52,40,25,31,51,46,45,30,30,49,35,68,45,38,37,27,25,43,19,23,35,29,33,27,36,10,53,33,15,35,19,14,30,26,54,60,25,42,17,20,16,66,32,8,10,91,77,65,26,17,28,48,19,93,85,27,46,12,26,64,63,56,13,34,35,33,38,41,48,59,56,47,71,39,46,78,40,31,85,46,29,25,40,49,30,25,48,38,68,75,69,71,46,50,0,67,21
2024-11-17,62,14,10,14,31,51,42,62,52,55,10,12,44,45,59,82,75,40,79,22,60,57,57,58,35,24,75,8,57,58,47,32,34,52,48,53,38,34,52,41,68,45,41,37,32,26,48,26,26,41,29,30,30,40,10,60,38,25,42,25,9,38,32,59,62,40,47,23,21,17,74,35,10,12,96,85,70,29,22,27,56,23,99,89,28,50,15,29,64,70,55,13,38,45,37,39,47,49,64,57,50,76,44,53,83,44,32,85,48,30,26,50,73,42,29,40,30,68,75,69,76,46,50,0,57,28
2024-11-24,67,10,10,16,23,53,42,57,51,35,11,11,46,43,51,80,69,43,78,23,61,58,53,46,25,25,70,6,66,60,46,26,34,62,53,56,29,29,53,39,50,49,41,36,33,25,44,29,24,44,26,30,32,39,15,49,38,26,48,19,9,33,38,69,69,32,42,24,23,18,44,32,9,10,73,81,50,24,22,17,50,23,86,71,32,55,18,30,62,62,62,10,45,54,41,44,51,54,61,56,45,66,40,45,76,36,32,78,46,28,27,40,47,28,30,41,36,71,73,76,67,41,41,33,37,34
2024-12-01,67,15,14,20,23,60,52,65,61,52,14,14,49,44,63,84,72,51,84,17,76,55,73,62,39,20,81,7,71,71,57,38,39,61,50,56,47,40,53,44,71,56,40,41,38,32,47,33,27,50,32,35,33,42,17,66,47,27,55,25,10,45,40,71,67,33,49,22,28,22,85,42,11,14,100,83,69,29,24,22,49,25,91,81,30,56,19,39,70,82,71,14,54,60,54,47,56,56,65,61,57,74,49,50,87,61,39,93,57,33,30,62,65,38,37,54,28,67,83,78,67,52,54,0,28,39
2024-12-08,73,15,16,29,19,55,49,67,62,46,9,18,46,49,61,81,72,47,86,19,67,56,68,59,39,27,79,7,72,62,50,34,36,63,59,58,56,43,54,46,69,50,45,41,39,31,49,34,35,52,32,38,38,46,24,61,46,31,48,27,10,46,38,70,68,35,55,23,34,26,73,47,11,20,97,86,69,29,29,21,58,32,88,81,39,56,21,44,70,66,57,13,53,62,52,52,66,66,67,61,55,79,48,50,84,58,42,91,61,39,34,61,57,38,41,55,43,71,82,76,62,52,55,42,65,46
2024-12-15,76,12,24,54,20,64,59,82,61,47,10,31,53,60,63,82,76,49,76,35,78,67,73,55,49,42,82,7,75,76,60,48,38,70,68,68,88,52,63,50,57,59,52,48,56,39,54,60,61,71,43,49,60,62,45,76,67,48,62,46,24,66,60,78,76,80,64,40,53,42,68,64,14,32,85,86,57,29,42,18,61,48,86,90,43,60,26,59,74,76,77,13,68,80,69,75,73,68,68,64,54,83,49,54,88,71,63,75,62,62,61,69,68,45,69,58,51,76,79,83,64,58,85,75,144,80
2024-12-22,100,11,48,88,15,82,97,99,80,50,10,41,65,71,62,92,77,64,82,50,100,93,96,47,48,56,92,5,96,99,83,60,47,93,100,82,100,64,77,59,36,74,60,61,85,55,65,93,94,96,66,57,93,83,76,91,97,78,100,59,24,90,70,100,100,75,80,54,78,64,35,90,20,55,61,95,45,31,63,16,69,70,94,100,59,83,35,83,80,99,86,12,100,100,100,100,91,94,70,68,55,98,54,54,100,100,75,60,71,83,76,77,78,63,89,74,52,88,86,100,67,56,87,107,212,88
2024-12-29,94,12,47,86,19,82,87,95,76,61,14,40,58,65,93,100,84,62,92,62,98,94,100,49,27,49,100,7,100,99,95,65,46,94,86,86,98,54,76,54,46,81,55,59,81,53,61,87,97,98,67,57,93,88,73,100,95,75,80,68,32,94,85,83,82,100,71,45,77,64,40,100,22,62,72,100,48,28,67,24,54,76,91,100,57,80,44,81,91,95,93,13,73,94,80,85,90,83,65,65,56,94,55,54,100,81,78,51,83,86,78,89,76,39,85,73,69,88,96,93,65,57,100,132,199,137
